{
  "project_info": {
    "project_number": "359559422647",
    "project_id": "mascotienda-1394f",
    "storage_bucket": "mascotienda-1394f.firebasestorage.app"
  },
  "client": [
    {
      "client_info": {
        "mobilesdk_app_id": "1:359559422647:android:6b935827a284c669ea2332",
        "android_client_info": {
          "package_name": "com.example.trabajofinaltienda"
        }
      },
      "oauth_client": [],
      "api_key": [
        {
          "current_key": "AIzaSyCE9P-15yw8RPQR8inAhaj8lcTWsU7Aq2Y"
        }
      ],
      "services": {
        "appinvite_service": {
          "other_platform_oauth_client": []
        }
      }
    }
  ],
  "configuration_version": "1"
}